{
  "Total" : {
    "transaction" : "Total",
    "sampleCount" : 100,
    "errorCount" : 0,
    "errorPct" : 0.0,
    "meanResTime" : 380.98000000000013,
    "medianResTime" : 25.0,
    "minResTime" : 12.0,
    "maxResTime" : 35106.0,
    "pct1ResTime" : 56.50000000000003,
    "pct2ResTime" : 82.64999999999992,
    "pct3ResTime" : 34756.24999999982,
    "throughput" : 2.616362732529238,
    "receivedKBytesPerSec" : 154.17558716903014,
    "sentKBytesPerSec" : 0.3858113013788232
  },
  "HTTP Request" : {
    "transaction" : "HTTP Request",
    "sampleCount" : 100,
    "errorCount" : 0,
    "errorPct" : 0.0,
    "meanResTime" : 380.98000000000013,
    "medianResTime" : 25.0,
    "minResTime" : 12.0,
    "maxResTime" : 35106.0,
    "pct1ResTime" : 56.50000000000003,
    "pct2ResTime" : 82.64999999999992,
    "pct3ResTime" : 34756.24999999982,
    "throughput" : 2.616362732529238,
    "receivedKBytesPerSec" : 154.17558716903014,
    "sentKBytesPerSec" : 0.3858113013788232
  }
}